movie id,movie name
1598778,Contagion
1598778,Contagion
1598778,Contagion
1598778,Contagion
1598778,Contagion
1598778,Contagion
1598778,Contagion
1598778,Contagion
1598778,Contagion
1598778,Contagion
1598778,Contagion
1598778,Contagion
1598778,Contagion
1598778,Contagion
1598778,Contagion
1598778,Contagion
1598778,Contagion
1598778,Contagion
1598778,Contagion
1598778,Contagion
1598778,Contagion
1598778,Contagion
1598778,Contagion
1598778,Contagion
1598778,Contagion
8629748,Spenser Confidential
8629748,Spenser Confidential
8629748,Spenser Confidential
8629748,Spenser Confidential
8629748,Spenser Confidential
8629748,Spenser Confidential
8629748,Spenser Confidential
8629748,Spenser Confidential
8629748,Spenser Confidential
8629748,Spenser Confidential
8629748,Spenser Confidential
8629748,Spenser Confidential
8629748,Spenser Confidential
8629748,Spenser Confidential
8629748,Spenser Confidential
8629748,Spenser Confidential
8629748,Spenser Confidential
8629748,Spenser Confidential
8629748,Spenser Confidential
8629748,Spenser Confidential
8629748,Spenser Confidential
8629748,Spenser Confidential
8629748,Spenser Confidential
8629748,Spenser Confidential
8629748,Spenser Confidential
8946378,Knives Out
8946378,Knives Out
8946378,Knives Out
8946378,Knives Out
8946378,Knives Out
8946378,Knives Out
8946378,Knives Out
8946378,Knives Out
8946378,Knives Out
8946378,Knives Out
8946378,Knives Out
8946378,Knives Out
8946378,Knives Out
8946378,Knives Out
8946378,Knives Out
8946378,Knives Out
8946378,Knives Out
8946378,Knives Out
8946378,Knives Out
8946378,Knives Out
8946378,Knives Out
8946378,Knives Out
8946378,Knives Out
8946378,Knives Out
8946378,Knives Out
2527338,Star Wars: Episode IX - The Rise of Skywalker
2527338,Star Wars: Episode IX - The Rise of Skywalker
2527338,Star Wars: Episode IX - The Rise of Skywalker
2527338,Star Wars: Episode IX - The Rise of Skywalker
2527338,Star Wars: Episode IX - The Rise of Skywalker
2527338,Star Wars: Episode IX - The Rise of Skywalker
2527338,Star Wars: Episode IX - The Rise of Skywalker
2527338,Star Wars: Episode IX - The Rise of Skywalker
2527338,Star Wars: Episode IX - The Rise of Skywalker
2527338,Star Wars: Episode IX - The Rise of Skywalker
2527338,Star Wars: Episode IX - The Rise of Skywalker
2527338,Star Wars: Episode IX - The Rise of Skywalker
2527338,Star Wars: Episode IX - The Rise of Skywalker
2527338,Star Wars: Episode IX - The Rise of Skywalker
2527338,Star Wars: Episode IX - The Rise of Skywalker
2527338,Star Wars: Episode IX - The Rise of Skywalker
2527338,Star Wars: Episode IX - The Rise of Skywalker
2527338,Star Wars: Episode IX - The Rise of Skywalker
2527338,Star Wars: Episode IX - The Rise of Skywalker
2527338,Star Wars: Episode IX - The Rise of Skywalker
2527338,Star Wars: Episode IX - The Rise of Skywalker
2527338,Star Wars: Episode IX - The Rise of Skywalker
2527338,Star Wars: Episode IX - The Rise of Skywalker
2527338,Star Wars: Episode IX - The Rise of Skywalker
2527338,Star Wars: Episode IX - The Rise of Skywalker
4520988,Frozen II
4520988,Frozen II
4520988,Frozen II
4520988,Frozen II
4520988,Frozen II
4520988,Frozen II
4520988,Frozen II
4520988,Frozen II
4520988,Frozen II
4520988,Frozen II
4520988,Frozen II
4520988,Frozen II
4520988,Frozen II
4520988,Frozen II
4520988,Frozen II
4520988,Frozen II
4520988,Frozen II
4520988,Frozen II
4520988,Frozen II
4520988,Frozen II
4520988,Frozen II
4520988,Frozen II
4520988,Frozen II
4520988,Frozen II
4520988,Frozen II
3111426,Lost Girls
3111426,Lost Girls
3111426,Lost Girls
3111426,Lost Girls
3111426,Lost Girls
3111426,Lost Girls
3111426,Lost Girls
3111426,Lost Girls
3111426,Lost Girls
3111426,Lost Girls
3111426,Lost Girls
3111426,Lost Girls
3111426,Lost Girls
3111426,Lost Girls
3111426,Lost Girls
3111426,Lost Girls
3111426,Lost Girls
3111426,Lost Girls
3111426,Lost Girls
3111426,Lost Girls
3111426,Lost Girls
3111426,Lost Girls
3111426,Lost Girls
3111426,Lost Girls
3111426,Lost Girls
1051906,The Invisible Man
1051906,The Invisible Man
1051906,The Invisible Man
1051906,The Invisible Man
1051906,The Invisible Man
1051906,The Invisible Man
1051906,The Invisible Man
1051906,The Invisible Man
1051906,The Invisible Man
1051906,The Invisible Man
1051906,The Invisible Man
1051906,The Invisible Man
1051906,The Invisible Man
1051906,The Invisible Man
1051906,The Invisible Man
1051906,The Invisible Man
1051906,The Invisible Man
1051906,The Invisible Man
1051906,The Invisible Man
1051906,The Invisible Man
1051906,The Invisible Man
1051906,The Invisible Man
1051906,The Invisible Man
1051906,The Invisible Man
1051906,The Invisible Man
8244784,The Hunt
8244784,The Hunt
8244784,The Hunt
8244784,The Hunt
8244784,The Hunt
8244784,The Hunt
8244784,The Hunt
8244784,The Hunt
8244784,The Hunt
8244784,The Hunt
8244784,The Hunt
8244784,The Hunt
8244784,The Hunt
8244784,The Hunt
8244784,The Hunt
8244784,The Hunt
8244784,The Hunt
8244784,The Hunt
8244784,The Hunt
8244784,The Hunt
8244784,The Hunt
8244784,The Hunt
8244784,The Hunt
8244784,The Hunt
8244784,The Hunt
8579674,1917
8579674,1917
8579674,1917
8579674,1917
8579674,1917
8579674,1917
8579674,1917
8579674,1917
8579674,1917
8579674,1917
8579674,1917
8579674,1917
8579674,1917
8579674,1917
8579674,1917
8579674,1917
8579674,1917
8579674,1917
8579674,1917
8579674,1917
8579674,1917
8579674,1917
8579674,1917
8579674,1917
8579674,1917
6751668,Gisaengchung
6751668,Gisaengchung
6751668,Gisaengchung
6751668,Gisaengchung
6751668,Gisaengchung
6751668,Gisaengchung
6751668,Gisaengchung
6751668,Gisaengchung
6751668,Gisaengchung
6751668,Gisaengchung
6751668,Gisaengchung
6751668,Gisaengchung
6751668,Gisaengchung
6751668,Gisaengchung
6751668,Gisaengchung
6751668,Gisaengchung
6751668,Gisaengchung
6751668,Gisaengchung
6751668,Gisaengchung
6751668,Gisaengchung
6751668,Gisaengchung
6751668,Gisaengchung
6751668,Gisaengchung
6751668,Gisaengchung
6751668,Gisaengchung
7975244,Jumanji: The Next Level
7975244,Jumanji: The Next Level
7975244,Jumanji: The Next Level
7975244,Jumanji: The Next Level
7975244,Jumanji: The Next Level
7975244,Jumanji: The Next Level
7975244,Jumanji: The Next Level
7975244,Jumanji: The Next Level
7975244,Jumanji: The Next Level
7975244,Jumanji: The Next Level
7975244,Jumanji: The Next Level
7975244,Jumanji: The Next Level
7975244,Jumanji: The Next Level
7975244,Jumanji: The Next Level
7975244,Jumanji: The Next Level
7975244,Jumanji: The Next Level
7975244,Jumanji: The Next Level
7975244,Jumanji: The Next Level
7975244,Jumanji: The Next Level
7975244,Jumanji: The Next Level
7975244,Jumanji: The Next Level
7975244,Jumanji: The Next Level
7975244,Jumanji: The Next Level
7975244,Jumanji: The Next Level
7975244,Jumanji: The Next Level
5727208,Uncut Gems
5727208,Uncut Gems
5727208,Uncut Gems
5727208,Uncut Gems
5727208,Uncut Gems
5727208,Uncut Gems
5727208,Uncut Gems
5727208,Uncut Gems
5727208,Uncut Gems
5727208,Uncut Gems
5727208,Uncut Gems
5727208,Uncut Gems
5727208,Uncut Gems
5727208,Uncut Gems
5727208,Uncut Gems
5727208,Uncut Gems
5727208,Uncut Gems
5727208,Uncut Gems
5727208,Uncut Gems
5727208,Uncut Gems
5727208,Uncut Gems
5727208,Uncut Gems
5727208,Uncut Gems
5727208,Uncut Gems
5727208,Uncut Gems
1634106,Bloodshot
1634106,Bloodshot
1634106,Bloodshot
1634106,Bloodshot
1634106,Bloodshot
1634106,Bloodshot
1634106,Bloodshot
1634106,Bloodshot
1634106,Bloodshot
1634106,Bloodshot
1634106,Bloodshot
1634106,Bloodshot
1634106,Bloodshot
1634106,Bloodshot
1634106,Bloodshot
1634106,Bloodshot
1634106,Bloodshot
1634106,Bloodshot
1634106,Bloodshot
1634106,Bloodshot
1634106,Bloodshot
1634106,Bloodshot
1634106,Bloodshot
1634106,Bloodshot
1634106,Bloodshot
114069,Outbreak
114069,Outbreak
114069,Outbreak
114069,Outbreak
114069,Outbreak
114069,Outbreak
114069,Outbreak
114069,Outbreak
114069,Outbreak
114069,Outbreak
114069,Outbreak
114069,Outbreak
114069,Outbreak
114069,Outbreak
114069,Outbreak
114069,Outbreak
114069,Outbreak
114069,Outbreak
114069,Outbreak
114069,Outbreak
114069,Outbreak
114069,Outbreak
114069,Outbreak
114069,Outbreak
114069,Outbreak
2584384,Jojo Rabbit
2584384,Jojo Rabbit
2584384,Jojo Rabbit
2584384,Jojo Rabbit
2584384,Jojo Rabbit
2584384,Jojo Rabbit
2584384,Jojo Rabbit
2584384,Jojo Rabbit
2584384,Jojo Rabbit
2584384,Jojo Rabbit
2584384,Jojo Rabbit
2584384,Jojo Rabbit
2584384,Jojo Rabbit
2584384,Jojo Rabbit
2584384,Jojo Rabbit
2584384,Jojo Rabbit
2584384,Jojo Rabbit
2584384,Jojo Rabbit
2584384,Jojo Rabbit
2584384,Jojo Rabbit
2584384,Jojo Rabbit
2584384,Jojo Rabbit
2584384,Jojo Rabbit
2584384,Jojo Rabbit
2584384,Jojo Rabbit
6394270,Bombshell
6394270,Bombshell
6394270,Bombshell
6394270,Bombshell
6394270,Bombshell
6394270,Bombshell
6394270,Bombshell
6394270,Bombshell
6394270,Bombshell
6394270,Bombshell
6394270,Bombshell
6394270,Bombshell
6394270,Bombshell
6394270,Bombshell
6394270,Bombshell
6394270,Bombshell
6394270,Bombshell
6394270,Bombshell
6394270,Bombshell
6394270,Bombshell
6394270,Bombshell
6394270,Bombshell
6394270,Bombshell
6394270,Bombshell
6394270,Bombshell
7131622,Once Upon a Time... in Hollywood
7131622,Once Upon a Time... in Hollywood
7131622,Once Upon a Time... in Hollywood
7131622,Once Upon a Time... in Hollywood
7131622,Once Upon a Time... in Hollywood
7131622,Once Upon a Time... in Hollywood
7131622,Once Upon a Time... in Hollywood
7131622,Once Upon a Time... in Hollywood
7131622,Once Upon a Time... in Hollywood
7131622,Once Upon a Time... in Hollywood
7131622,Once Upon a Time... in Hollywood
7131622,Once Upon a Time... in Hollywood
7131622,Once Upon a Time... in Hollywood
7131622,Once Upon a Time... in Hollywood
7131622,Once Upon a Time... in Hollywood
7131622,Once Upon a Time... in Hollywood
7131622,Once Upon a Time... in Hollywood
7131622,Once Upon a Time... in Hollywood
7131622,Once Upon a Time... in Hollywood
7131622,Once Upon a Time... in Hollywood
7131622,Once Upon a Time... in Hollywood
7131622,Once Upon a Time... in Hollywood
7131622,Once Upon a Time... in Hollywood
7131622,Once Upon a Time... in Hollywood
7131622,Once Upon a Time... in Hollywood
7146812,Onward
7146812,Onward
7146812,Onward
7146812,Onward
7146812,Onward
7146812,Onward
7146812,Onward
7146812,Onward
7146812,Onward
7146812,Onward
7146812,Onward
7146812,Onward
7146812,Onward
7146812,Onward
7146812,Onward
7146812,Onward
7146812,Onward
7146812,Onward
7146812,Onward
7146812,Onward
7146812,Onward
7146812,Onward
7146812,Onward
7146812,Onward
7146812,Onward
6105098,The Lion King
6105098,The Lion King
6105098,The Lion King
6105098,The Lion King
6105098,The Lion King
6105098,The Lion King
6105098,The Lion King
6105098,The Lion King
6105098,The Lion King
6105098,The Lion King
6105098,The Lion King
6105098,The Lion King
6105098,The Lion King
6105098,The Lion King
6105098,The Lion King
6105098,The Lion King
6105098,The Lion King
6105098,The Lion King
6105098,The Lion King
6105098,The Lion King
6105098,The Lion King
6105098,The Lion King
6105098,The Lion King
6105098,The Lion King
6105098,The Lion King
9214832,Emma.
9214832,Emma.
9214832,Emma.
9214832,Emma.
9214832,Emma.
9214832,Emma.
9214832,Emma.
9214832,Emma.
9214832,Emma.
9214832,Emma.
9214832,Emma.
9214832,Emma.
9214832,Emma.
9214832,Emma.
9214832,Emma.
9214832,Emma.
9214832,Emma.
9214832,Emma.
9214832,Emma.
9214832,Emma.
9214832,Emma.
9214832,Emma.
9214832,Emma.
9214832,Emma.
9214832,Emma.
7286456,Joker
7286456,Joker
7286456,Joker
7286456,Joker
7286456,Joker
7286456,Joker
7286456,Joker
7286456,Joker
7286456,Joker
7286456,Joker
7286456,Joker
7286456,Joker
7286456,Joker
7286456,Joker
7286456,Joker
7286456,Joker
7286456,Joker
7286456,Joker
7286456,Joker
7286456,Joker
7286456,Joker
7286456,Joker
7286456,Joker
7286456,Joker
7286456,Joker
1950186,Ford v Ferrari
1950186,Ford v Ferrari
1950186,Ford v Ferrari
1950186,Ford v Ferrari
1950186,Ford v Ferrari
1950186,Ford v Ferrari
1950186,Ford v Ferrari
1950186,Ford v Ferrari
1950186,Ford v Ferrari
1950186,Ford v Ferrari
1950186,Ford v Ferrari
1950186,Ford v Ferrari
1950186,Ford v Ferrari
1950186,Ford v Ferrari
1950186,Ford v Ferrari
1950186,Ford v Ferrari
1950186,Ford v Ferrari
1950186,Ford v Ferrari
1950186,Ford v Ferrari
1950186,Ford v Ferrari
1950186,Ford v Ferrari
1950186,Ford v Ferrari
1950186,Ford v Ferrari
1950186,Ford v Ferrari
1950186,Ford v Ferrari
6644200,A Quiet Place
6644200,A Quiet Place
6644200,A Quiet Place
6644200,A Quiet Place
6644200,A Quiet Place
6644200,A Quiet Place
6644200,A Quiet Place
6644200,A Quiet Place
6644200,A Quiet Place
6644200,A Quiet Place
6644200,A Quiet Place
6644200,A Quiet Place
6644200,A Quiet Place
6644200,A Quiet Place
6644200,A Quiet Place
6644200,A Quiet Place
6644200,A Quiet Place
6644200,A Quiet Place
6644200,A Quiet Place
6644200,A Quiet Place
6644200,A Quiet Place
6644200,A Quiet Place
6644200,A Quiet Place
6644200,A Quiet Place
6644200,A Quiet Place
3794354,Sonic the Hedgehog
3794354,Sonic the Hedgehog
3794354,Sonic the Hedgehog
3794354,Sonic the Hedgehog
3794354,Sonic the Hedgehog
3794354,Sonic the Hedgehog
3794354,Sonic the Hedgehog
3794354,Sonic the Hedgehog
3794354,Sonic the Hedgehog
3794354,Sonic the Hedgehog
3794354,Sonic the Hedgehog
3794354,Sonic the Hedgehog
3794354,Sonic the Hedgehog
3794354,Sonic the Hedgehog
3794354,Sonic the Hedgehog
3794354,Sonic the Hedgehog
3794354,Sonic the Hedgehog
3794354,Sonic the Hedgehog
3794354,Sonic the Hedgehog
3794354,Sonic the Hedgehog
3794354,Sonic the Hedgehog
3794354,Sonic the Hedgehog
3794354,Sonic the Hedgehog
3794354,Sonic the Hedgehog
3794354,Sonic the Hedgehog
7713068,Birds of Prey: And the Fantabulous Emancipation of One Harley Quinn
7713068,Birds of Prey: And the Fantabulous Emancipation of One Harley Quinn
7713068,Birds of Prey: And the Fantabulous Emancipation of One Harley Quinn
7713068,Birds of Prey: And the Fantabulous Emancipation of One Harley Quinn
7713068,Birds of Prey: And the Fantabulous Emancipation of One Harley Quinn
7713068,Birds of Prey: And the Fantabulous Emancipation of One Harley Quinn
7713068,Birds of Prey: And the Fantabulous Emancipation of One Harley Quinn
7713068,Birds of Prey: And the Fantabulous Emancipation of One Harley Quinn
7713068,Birds of Prey: And the Fantabulous Emancipation of One Harley Quinn
7713068,Birds of Prey: And the Fantabulous Emancipation of One Harley Quinn
7713068,Birds of Prey: And the Fantabulous Emancipation of One Harley Quinn
7713068,Birds of Prey: And the Fantabulous Emancipation of One Harley Quinn
7713068,Birds of Prey: And the Fantabulous Emancipation of One Harley Quinn
7713068,Birds of Prey: And the Fantabulous Emancipation of One Harley Quinn
7713068,Birds of Prey: And the Fantabulous Emancipation of One Harley Quinn
7713068,Birds of Prey: And the Fantabulous Emancipation of One Harley Quinn
7713068,Birds of Prey: And the Fantabulous Emancipation of One Harley Quinn
7713068,Birds of Prey: And the Fantabulous Emancipation of One Harley Quinn
7713068,Birds of Prey: And the Fantabulous Emancipation of One Harley Quinn
7713068,Birds of Prey: And the Fantabulous Emancipation of One Harley Quinn
7713068,Birds of Prey: And the Fantabulous Emancipation of One Harley Quinn
7713068,Birds of Prey: And the Fantabulous Emancipation of One Harley Quinn
7713068,Birds of Prey: And the Fantabulous Emancipation of One Harley Quinn
7713068,Birds of Prey: And the Fantabulous Emancipation of One Harley Quinn
7713068,Birds of Prey: And the Fantabulous Emancipation of One Harley Quinn
3281548,Little Women
3281548,Little Women
3281548,Little Women
3281548,Little Women
3281548,Little Women
3281548,Little Women
3281548,Little Women
3281548,Little Women
3281548,Little Women
3281548,Little Women
3281548,Little Women
3281548,Little Women
3281548,Little Women
3281548,Little Women
3281548,Little Women
3281548,Little Women
3281548,Little Women
3281548,Little Women
3281548,Little Women
3281548,Little Women
3281548,Little Women
3281548,Little Women
3281548,Little Women
3281548,Little Women
3281548,Little Women
6806448,Fast & Furious Presents: Hobbs & Shaw
6806448,Fast & Furious Presents: Hobbs & Shaw
6806448,Fast & Furious Presents: Hobbs & Shaw
6806448,Fast & Furious Presents: Hobbs & Shaw
6806448,Fast & Furious Presents: Hobbs & Shaw
6806448,Fast & Furious Presents: Hobbs & Shaw
6806448,Fast & Furious Presents: Hobbs & Shaw
6806448,Fast & Furious Presents: Hobbs & Shaw
6806448,Fast & Furious Presents: Hobbs & Shaw
6806448,Fast & Furious Presents: Hobbs & Shaw
6806448,Fast & Furious Presents: Hobbs & Shaw
6806448,Fast & Furious Presents: Hobbs & Shaw
6806448,Fast & Furious Presents: Hobbs & Shaw
6806448,Fast & Furious Presents: Hobbs & Shaw
6806448,Fast & Furious Presents: Hobbs & Shaw
6806448,Fast & Furious Presents: Hobbs & Shaw
6806448,Fast & Furious Presents: Hobbs & Shaw
6806448,Fast & Furious Presents: Hobbs & Shaw
6806448,Fast & Furious Presents: Hobbs & Shaw
6806448,Fast & Furious Presents: Hobbs & Shaw
6806448,Fast & Furious Presents: Hobbs & Shaw
6806448,Fast & Furious Presents: Hobbs & Shaw
6806448,Fast & Furious Presents: Hobbs & Shaw
6806448,Fast & Furious Presents: Hobbs & Shaw
6806448,Fast & Furious Presents: Hobbs & Shaw
8772262,Midsommar
8772262,Midsommar
8772262,Midsommar
8772262,Midsommar
8772262,Midsommar
8772262,Midsommar
8772262,Midsommar
8772262,Midsommar
8772262,Midsommar
8772262,Midsommar
8772262,Midsommar
8772262,Midsommar
8772262,Midsommar
8772262,Midsommar
8772262,Midsommar
8772262,Midsommar
8772262,Midsommar
8772262,Midsommar
8772262,Midsommar
8772262,Midsommar
8772262,Midsommar
8772262,Midsommar
8772262,Midsommar
8772262,Midsommar
8772262,Midsommar
4566758,Mulan
5606664,Doctor Sleep
5606664,Doctor Sleep
5606664,Doctor Sleep
5606664,Doctor Sleep
5606664,Doctor Sleep
5606664,Doctor Sleep
5606664,Doctor Sleep
5606664,Doctor Sleep
5606664,Doctor Sleep
5606664,Doctor Sleep
5606664,Doctor Sleep
5606664,Doctor Sleep
5606664,Doctor Sleep
5606664,Doctor Sleep
5606664,Doctor Sleep
5606664,Doctor Sleep
5606664,Doctor Sleep
5606664,Doctor Sleep
5606664,Doctor Sleep
5606664,Doctor Sleep
5606664,Doctor Sleep
5606664,Doctor Sleep
5606664,Doctor Sleep
5606664,Doctor Sleep
5606664,Doctor Sleep
5697572,Cats
5697572,Cats
5697572,Cats
5697572,Cats
5697572,Cats
5697572,Cats
5697572,Cats
5697572,Cats
5697572,Cats
5697572,Cats
5697572,Cats
5697572,Cats
5697572,Cats
5697572,Cats
5697572,Cats
5697572,Cats
5697572,Cats
5697572,Cats
5697572,Cats
5697572,Cats
5697572,Cats
5697572,Cats
5697572,Cats
5697572,Cats
5697572,Cats
9779516,I Still Believe
9779516,I Still Believe
9779516,I Still Believe
9779516,I Still Believe
9779516,I Still Believe
9779516,I Still Believe
9779516,I Still Believe
9779516,I Still Believe
9779516,I Still Believe
9779516,I Still Believe
9779516,I Still Believe
9779516,I Still Believe
9779516,I Still Believe
9779516,I Still Believe
9779516,I Still Believe
9779516,I Still Believe
9779516,I Still Believe
9779516,I Still Believe
9779516,I Still Believe
9779516,I Still Believe
9779516,I Still Believe
9779516,I Still Believe
9779516,I Still Believe
9779516,I Still Believe
9779516,I Still Believe
8228288,El hoyo
8228288,El hoyo
8228288,El hoyo
8228288,El hoyo
8228288,El hoyo
8228288,El hoyo
8228288,El hoyo
8228288,El hoyo
8228288,El hoyo
8228288,El hoyo
8228288,El hoyo
8228288,El hoyo
8228288,El hoyo
8228288,El hoyo
8228288,El hoyo
8228288,El hoyo
8228288,El hoyo
8228288,El hoyo
8228288,El hoyo
8228288,El hoyo
8228288,El hoyo
8228288,El hoyo
8228288,El hoyo
8228288,El hoyo
8228288,El hoyo
111161,The Shawshank Redemption
111161,The Shawshank Redemption
111161,The Shawshank Redemption
111161,The Shawshank Redemption
111161,The Shawshank Redemption
111161,The Shawshank Redemption
111161,The Shawshank Redemption
111161,The Shawshank Redemption
111161,The Shawshank Redemption
111161,The Shawshank Redemption
111161,The Shawshank Redemption
111161,The Shawshank Redemption
111161,The Shawshank Redemption
111161,The Shawshank Redemption
111161,The Shawshank Redemption
111161,The Shawshank Redemption
111161,The Shawshank Redemption
111161,The Shawshank Redemption
111161,The Shawshank Redemption
111161,The Shawshank Redemption
111161,The Shawshank Redemption
111161,The Shawshank Redemption
111161,The Shawshank Redemption
111161,The Shawshank Redemption
111161,The Shawshank Redemption
5814534,Spies in Disguise
5814534,Spies in Disguise
5814534,Spies in Disguise
5814534,Spies in Disguise
5814534,Spies in Disguise
5814534,Spies in Disguise
5814534,Spies in Disguise
5814534,Spies in Disguise
5814534,Spies in Disguise
5814534,Spies in Disguise
5814534,Spies in Disguise
5814534,Spies in Disguise
5814534,Spies in Disguise
5814534,Spies in Disguise
5814534,Spies in Disguise
5814534,Spies in Disguise
5814534,Spies in Disguise
5814534,Spies in Disguise
5814534,Spies in Disguise
5814534,Spies in Disguise
5814534,Spies in Disguise
5814534,Spies in Disguise
5814534,Spies in Disguise
5814534,Spies in Disguise
5814534,Spies in Disguise
4858674,Stargirl
4858674,Stargirl
4858674,Stargirl
4858674,Stargirl
4858674,Stargirl
4858674,Stargirl
4858674,Stargirl
4858674,Stargirl
4858674,Stargirl
4858674,Stargirl
4858674,Stargirl
4858674,Stargirl
4858674,Stargirl
4858674,Stargirl
4858674,Stargirl
4858674,Stargirl
4858674,Stargirl
4858674,Stargirl
4858674,Stargirl
4858674,Stargirl
4858674,Stargirl
4858674,Stargirl
4858674,Stargirl
4858674,Stargirl
4858674,Stargirl
6924650,Midway
6924650,Midway
6924650,Midway
6924650,Midway
6924650,Midway
6924650,Midway
6924650,Midway
6924650,Midway
6924650,Midway
6924650,Midway
6924650,Midway
6924650,Midway
6924650,Midway
6924650,Midway
6924650,Midway
6924650,Midway
6924650,Midway
6924650,Midway
6924650,Midway
6924650,Midway
6924650,Midway
6924650,Midway
6924650,Midway
6924650,Midway
6924650,Midway
5033998,Charlie's Angels
5033998,Charlie's Angels
5033998,Charlie's Angels
5033998,Charlie's Angels
5033998,Charlie's Angels
5033998,Charlie's Angels
5033998,Charlie's Angels
5033998,Charlie's Angels
5033998,Charlie's Angels
5033998,Charlie's Angels
5033998,Charlie's Angels
5033998,Charlie's Angels
5033998,Charlie's Angels
5033998,Charlie's Angels
5033998,Charlie's Angels
5033998,Charlie's Angels
5033998,Charlie's Angels
5033998,Charlie's Angels
5033998,Charlie's Angels
5033998,Charlie's Angels
5033998,Charlie's Angels
5033998,Charlie's Angels
5033998,Charlie's Angels
5033998,Charlie's Angels
5033998,Charlie's Angels
1302006,The Irishman
1302006,The Irishman
1302006,The Irishman
1302006,The Irishman
1302006,The Irishman
1302006,The Irishman
1302006,The Irishman
1302006,The Irishman
1302006,The Irishman
1302006,The Irishman
1302006,The Irishman
1302006,The Irishman
1302006,The Irishman
1302006,The Irishman
1302006,The Irishman
1302006,The Irishman
1302006,The Irishman
1302006,The Irishman
1302006,The Irishman
1302006,The Irishman
1302006,The Irishman
1302006,The Irishman
1302006,The Irishman
1302006,The Irishman
1302006,The Irishman
4154796,Avengers: Endgame
4154796,Avengers: Endgame
4154796,Avengers: Endgame
4154796,Avengers: Endgame
4154796,Avengers: Endgame
4154796,Avengers: Endgame
4154796,Avengers: Endgame
4154796,Avengers: Endgame
4154796,Avengers: Endgame
4154796,Avengers: Endgame
4154796,Avengers: Endgame
4154796,Avengers: Endgame
4154796,Avengers: Endgame
4154796,Avengers: Endgame
4154796,Avengers: Endgame
4154796,Avengers: Endgame
4154796,Avengers: Endgame
4154796,Avengers: Endgame
4154796,Avengers: Endgame
4154796,Avengers: Endgame
4154796,Avengers: Endgame
4154796,Avengers: Endgame
4154796,Avengers: Endgame
4154796,Avengers: Endgame
4154796,Avengers: Endgame
8079248,Yesterday
8079248,Yesterday
8079248,Yesterday
8079248,Yesterday
8079248,Yesterday
8079248,Yesterday
8079248,Yesterday
8079248,Yesterday
8079248,Yesterday
8079248,Yesterday
8079248,Yesterday
8079248,Yesterday
8079248,Yesterday
8079248,Yesterday
8079248,Yesterday
8079248,Yesterday
8079248,Yesterday
8079248,Yesterday
8079248,Yesterday
8079248,Yesterday
8079248,Yesterday
8079248,Yesterday
8079248,Yesterday
8079248,Yesterday
8079248,Yesterday
8366590,Baaghi 3
8366590,Baaghi 3
8366590,Baaghi 3
8366590,Baaghi 3
8366590,Baaghi 3
8366590,Baaghi 3
8366590,Baaghi 3
8366590,Baaghi 3
8366590,Baaghi 3
8366590,Baaghi 3
8366590,Baaghi 3
8366590,Baaghi 3
8366590,Baaghi 3
8366590,Baaghi 3
8366590,Baaghi 3
8366590,Baaghi 3
8366590,Baaghi 3
8366590,Baaghi 3
8366590,Baaghi 3
8366590,Baaghi 3
8366590,Baaghi 3
8366590,Baaghi 3
8366590,Baaghi 3
8366590,Baaghi 3
8366590,Baaghi 3
3513548,Richard Jewell
3513548,Richard Jewell
3513548,Richard Jewell
3513548,Richard Jewell
3513548,Richard Jewell
3513548,Richard Jewell
3513548,Richard Jewell
3513548,Richard Jewell
3513548,Richard Jewell
3513548,Richard Jewell
3513548,Richard Jewell
3513548,Richard Jewell
3513548,Richard Jewell
3513548,Richard Jewell
3513548,Richard Jewell
3513548,Richard Jewell
3513548,Richard Jewell
3513548,Richard Jewell
3513548,Richard Jewell
3513548,Richard Jewell
3513548,Richard Jewell
3513548,Richard Jewell
3513548,Richard Jewell
3513548,Richard Jewell
3513548,Richard Jewell
3824648,Big Time Adolescence
3824648,Big Time Adolescence
3824648,Big Time Adolescence
3824648,Big Time Adolescence
3824648,Big Time Adolescence
3824648,Big Time Adolescence
3824648,Big Time Adolescence
3824648,Big Time Adolescence
3824648,Big Time Adolescence
3824648,Big Time Adolescence
3824648,Big Time Adolescence
3824648,Big Time Adolescence
3824648,Big Time Adolescence
3824648,Big Time Adolescence
3824648,Big Time Adolescence
3824648,Big Time Adolescence
3824648,Big Time Adolescence
3824648,Big Time Adolescence
3824648,Big Time Adolescence
3824648,Big Time Adolescence
3824648,Big Time Adolescence
3824648,Big Time Adolescence
3824648,Big Time Adolescence
3824648,Big Time Adolescence
3824648,Big Time Adolescence
8367814,The Gentlemen
8367814,The Gentlemen
8367814,The Gentlemen
8367814,The Gentlemen
8367814,The Gentlemen
8367814,The Gentlemen
8367814,The Gentlemen
8367814,The Gentlemen
8367814,The Gentlemen
8367814,The Gentlemen
8367814,The Gentlemen
8367814,The Gentlemen
8367814,The Gentlemen
8367814,The Gentlemen
8367814,The Gentlemen
8367814,The Gentlemen
8367814,The Gentlemen
8367814,The Gentlemen
8367814,The Gentlemen
8367814,The Gentlemen
8367814,The Gentlemen
8367814,The Gentlemen
8367814,The Gentlemen
8367814,The Gentlemen
8367814,The Gentlemen
9071322,Dark Waters
9071322,Dark Waters
9071322,Dark Waters
9071322,Dark Waters
9071322,Dark Waters
9071322,Dark Waters
9071322,Dark Waters
9071322,Dark Waters
9071322,Dark Waters
9071322,Dark Waters
9071322,Dark Waters
9071322,Dark Waters
9071322,Dark Waters
9071322,Dark Waters
9071322,Dark Waters
9071322,Dark Waters
9071322,Dark Waters
9071322,Dark Waters
9071322,Dark Waters
9071322,Dark Waters
9071322,Dark Waters
9071322,Dark Waters
9071322,Dark Waters
9071322,Dark Waters
9071322,Dark Waters
3612126,The Grudge
3612126,The Grudge
3612126,The Grudge
3612126,The Grudge
3612126,The Grudge
3612126,The Grudge
3612126,The Grudge
3612126,The Grudge
3612126,The Grudge
3612126,The Grudge
3612126,The Grudge
3612126,The Grudge
3612126,The Grudge
3612126,The Grudge
3612126,The Grudge
3612126,The Grudge
3612126,The Grudge
3612126,The Grudge
3612126,The Grudge
3612126,The Grudge
3612126,The Grudge
3612126,The Grudge
3612126,The Grudge
3612126,The Grudge
3612126,The Grudge
8781414,Freaks
8781414,Freaks
8781414,Freaks
8781414,Freaks
8781414,Freaks
8781414,Freaks
8781414,Freaks
8781414,Freaks
8781414,Freaks
8781414,Freaks
8781414,Freaks
8781414,Freaks
8781414,Freaks
8781414,Freaks
8781414,Freaks
8781414,Freaks
8781414,Freaks
8781414,Freaks
8781414,Freaks
8781414,Freaks
8781414,Freaks
8781414,Freaks
8781414,Freaks
8781414,Freaks
8781414,Freaks
4916630,Just Mercy
4916630,Just Mercy
4916630,Just Mercy
4916630,Just Mercy
4916630,Just Mercy
4916630,Just Mercy
4916630,Just Mercy
4916630,Just Mercy
4916630,Just Mercy
4916630,Just Mercy
4916630,Just Mercy
4916630,Just Mercy
4916630,Just Mercy
4916630,Just Mercy
4916630,Just Mercy
4916630,Just Mercy
4916630,Just Mercy
4916630,Just Mercy
4916630,Just Mercy
4916630,Just Mercy
4916630,Just Mercy
4916630,Just Mercy
4916630,Just Mercy
4916630,Just Mercy
4916630,Just Mercy
2283362,Jumanji: Welcome to the Jungle
2283362,Jumanji: Welcome to the Jungle
2283362,Jumanji: Welcome to the Jungle
2283362,Jumanji: Welcome to the Jungle
2283362,Jumanji: Welcome to the Jungle
2283362,Jumanji: Welcome to the Jungle
2283362,Jumanji: Welcome to the Jungle
2283362,Jumanji: Welcome to the Jungle
2283362,Jumanji: Welcome to the Jungle
2283362,Jumanji: Welcome to the Jungle
2283362,Jumanji: Welcome to the Jungle
2283362,Jumanji: Welcome to the Jungle
2283362,Jumanji: Welcome to the Jungle
2283362,Jumanji: Welcome to the Jungle
2283362,Jumanji: Welcome to the Jungle
2283362,Jumanji: Welcome to the Jungle
2283362,Jumanji: Welcome to the Jungle
2283362,Jumanji: Welcome to the Jungle
2283362,Jumanji: Welcome to the Jungle
2283362,Jumanji: Welcome to the Jungle
2283362,Jumanji: Welcome to the Jungle
2283362,Jumanji: Welcome to the Jungle
2283362,Jumanji: Welcome to the Jungle
2283362,Jumanji: Welcome to the Jungle
2283362,Jumanji: Welcome to the Jungle
6902676,Guns Akimbo
6902676,Guns Akimbo
6902676,Guns Akimbo
6902676,Guns Akimbo
6902676,Guns Akimbo
6902676,Guns Akimbo
6902676,Guns Akimbo
6902676,Guns Akimbo
6902676,Guns Akimbo
6902676,Guns Akimbo
6902676,Guns Akimbo
6902676,Guns Akimbo
6902676,Guns Akimbo
6902676,Guns Akimbo
6902676,Guns Akimbo
6902676,Guns Akimbo
6902676,Guns Akimbo
6902676,Guns Akimbo
6902676,Guns Akimbo
6902676,Guns Akimbo
6902676,Guns Akimbo
6902676,Guns Akimbo
6902676,Guns Akimbo
6902676,Guns Akimbo
6902676,Guns Akimbo
8106534,6 Underground
8106534,6 Underground
8106534,6 Underground
8106534,6 Underground
8106534,6 Underground
8106534,6 Underground
8106534,6 Underground
8106534,6 Underground
8106534,6 Underground
8106534,6 Underground
8106534,6 Underground
8106534,6 Underground
8106534,6 Underground
8106534,6 Underground
8106534,6 Underground
8106534,6 Underground
8106534,6 Underground
8106534,6 Underground
8106534,6 Underground
8106534,6 Underground
8106534,6 Underground
8106534,6 Underground
8106534,6 Underground
8106534,6 Underground
8106534,6 Underground
4106514,The Postcard Killings
4106514,The Postcard Killings
4106514,The Postcard Killings
4106514,The Postcard Killings
4106514,The Postcard Killings
4106514,The Postcard Killings
4106514,The Postcard Killings
4106514,The Postcard Killings
4106514,The Postcard Killings
4106514,The Postcard Killings
4106514,The Postcard Killings
4106514,The Postcard Killings
4106514,The Postcard Killings
4106514,The Postcard Killings
4106514,The Postcard Killings
4106514,The Postcard Killings
4106514,The Postcard Killings
4106514,The Postcard Killings
4106514,The Postcard Killings
4106514,The Postcard Killings
4106514,The Postcard Killings
4106514,The Postcard Killings
4106514,The Postcard Killings
4106514,The Postcard Killings
4106514,The Postcard Killings
1979376,Toy Story 4
1979376,Toy Story 4
1979376,Toy Story 4
1979376,Toy Story 4
1979376,Toy Story 4
1979376,Toy Story 4
1979376,Toy Story 4
1979376,Toy Story 4
1979376,Toy Story 4
1979376,Toy Story 4
1979376,Toy Story 4
1979376,Toy Story 4
1979376,Toy Story 4
1979376,Toy Story 4
1979376,Toy Story 4
1979376,Toy Story 4
1979376,Toy Story 4
1979376,Toy Story 4
1979376,Toy Story 4
1979376,Toy Story 4
1979376,Toy Story 4
1979376,Toy Story 4
1979376,Toy Story 4
1979376,Toy Story 4
1979376,Toy Story 4
4844140,True History of the Kelly Gang
4844140,True History of the Kelly Gang
4844140,True History of the Kelly Gang
4844140,True History of the Kelly Gang
4844140,True History of the Kelly Gang
4844140,True History of the Kelly Gang
4844140,True History of the Kelly Gang
4844140,True History of the Kelly Gang
4844140,True History of the Kelly Gang
4844140,True History of the Kelly Gang
4844140,True History of the Kelly Gang
4844140,True History of the Kelly Gang
4844140,True History of the Kelly Gang
4844140,True History of the Kelly Gang
4844140,True History of the Kelly Gang
4844140,True History of the Kelly Gang
4844140,True History of the Kelly Gang
4844140,True History of the Kelly Gang
4844140,True History of the Kelly Gang
4844140,True History of the Kelly Gang
4844140,True History of the Kelly Gang
4844140,True History of the Kelly Gang
4844140,True History of the Kelly Gang
4844140,True History of the Kelly Gang
4844140,True History of the Kelly Gang
3224458,A Beautiful Day in the Neighborhood
3224458,A Beautiful Day in the Neighborhood
3224458,A Beautiful Day in the Neighborhood
3224458,A Beautiful Day in the Neighborhood
3224458,A Beautiful Day in the Neighborhood
3224458,A Beautiful Day in the Neighborhood
3224458,A Beautiful Day in the Neighborhood
3224458,A Beautiful Day in the Neighborhood
3224458,A Beautiful Day in the Neighborhood
3224458,A Beautiful Day in the Neighborhood
3224458,A Beautiful Day in the Neighborhood
3224458,A Beautiful Day in the Neighborhood
3224458,A Beautiful Day in the Neighborhood
3224458,A Beautiful Day in the Neighborhood
3224458,A Beautiful Day in the Neighborhood
3224458,A Beautiful Day in the Neighborhood
3224458,A Beautiful Day in the Neighborhood
3224458,A Beautiful Day in the Neighborhood
3224458,A Beautiful Day in the Neighborhood
3224458,A Beautiful Day in the Neighborhood
3224458,A Beautiful Day in the Neighborhood
3224458,A Beautiful Day in the Neighborhood
3224458,A Beautiful Day in the Neighborhood
3224458,A Beautiful Day in the Neighborhood
3224458,A Beautiful Day in the Neighborhood
6450804,Terminator: Dark Fate
6450804,Terminator: Dark Fate
6450804,Terminator: Dark Fate
6450804,Terminator: Dark Fate
6450804,Terminator: Dark Fate
6450804,Terminator: Dark Fate
6450804,Terminator: Dark Fate
6450804,Terminator: Dark Fate
6450804,Terminator: Dark Fate
6450804,Terminator: Dark Fate
6450804,Terminator: Dark Fate
6450804,Terminator: Dark Fate
6450804,Terminator: Dark Fate
6450804,Terminator: Dark Fate
6450804,Terminator: Dark Fate
6450804,Terminator: Dark Fate
6450804,Terminator: Dark Fate
6450804,Terminator: Dark Fate
6450804,Terminator: Dark Fate
6450804,Terminator: Dark Fate
6450804,Terminator: Dark Fate
6450804,Terminator: Dark Fate
6450804,Terminator: Dark Fate
6450804,Terminator: Dark Fate
6450804,Terminator: Dark Fate
6285944,The Banker
6285944,The Banker
6285944,The Banker
6285944,The Banker
6285944,The Banker
6285944,The Banker
6285944,The Banker
6285944,The Banker
6285944,The Banker
6285944,The Banker
6285944,The Banker
6285944,The Banker
6285944,The Banker
6285944,The Banker
6285944,The Banker
6285944,The Banker
6285944,The Banker
6285944,The Banker
6285944,The Banker
6285944,The Banker
6285944,The Banker
6285944,The Banker
6285944,The Banker
6285944,The Banker
6285944,The Banker
289043,28 Days Later...
289043,28 Days Later...
289043,28 Days Later...
289043,28 Days Later...
289043,28 Days Later...
289043,28 Days Later...
289043,28 Days Later...
289043,28 Days Later...
289043,28 Days Later...
289043,28 Days Later...
289043,28 Days Later...
289043,28 Days Later...
289043,28 Days Later...
289043,28 Days Later...
289043,28 Days Later...
289043,28 Days Later...
289043,28 Days Later...
289043,28 Days Later...
289043,28 Days Later...
289043,28 Days Later...
289043,28 Days Later...
289043,28 Days Later...
289043,28 Days Later...
289043,28 Days Later...
289043,28 Days Later...
68646,The Godfather
68646,The Godfather
68646,The Godfather
68646,The Godfather
68646,The Godfather
68646,The Godfather
68646,The Godfather
68646,The Godfather
68646,The Godfather
68646,The Godfather
68646,The Godfather
68646,The Godfather
68646,The Godfather
68646,The Godfather
68646,The Godfather
68646,The Godfather
68646,The Godfather
68646,The Godfather
68646,The Godfather
68646,The Godfather
68646,The Godfather
68646,The Godfather
68646,The Godfather
68646,The Godfather
68646,The Godfather
9185066,Human Capital
9185066,Human Capital
9185066,Human Capital
9185066,Human Capital
9185066,Human Capital
9185066,Human Capital
9185066,Human Capital
9185066,Human Capital
9185066,Human Capital
9185066,Human Capital
9185066,Human Capital
9185066,Human Capital
9185066,Human Capital
9185066,Human Capital
9185066,Human Capital
9185066,Human Capital
9185066,Human Capital
9185066,Human Capital
9185066,Human Capital
9185066,Human Capital
9185066,Human Capital
9185066,Human Capital
9185066,Human Capital
9185066,Human Capital
9185066,Human Capital
7984734,The Lighthouse
7984734,The Lighthouse
7984734,The Lighthouse
7984734,The Lighthouse
7984734,The Lighthouse
7984734,The Lighthouse
7984734,The Lighthouse
7984734,The Lighthouse
7984734,The Lighthouse
7984734,The Lighthouse
7984734,The Lighthouse
7984734,The Lighthouse
7984734,The Lighthouse
7984734,The Lighthouse
7984734,The Lighthouse
7984734,The Lighthouse
7984734,The Lighthouse
7984734,The Lighthouse
7984734,The Lighthouse
7984734,The Lighthouse
7984734,The Lighthouse
7984734,The Lighthouse
7984734,The Lighthouse
7984734,The Lighthouse
7984734,The Lighthouse
5797184,Escape from Pretoria
5797184,Escape from Pretoria
5797184,Escape from Pretoria
5797184,Escape from Pretoria
5797184,Escape from Pretoria
5797184,Escape from Pretoria
5797184,Escape from Pretoria
5797184,Escape from Pretoria
5797184,Escape from Pretoria
5797184,Escape from Pretoria
5797184,Escape from Pretoria
5797184,Escape from Pretoria
5797184,Escape from Pretoria
5797184,Escape from Pretoria
5797184,Escape from Pretoria
5797184,Escape from Pretoria
5797184,Escape from Pretoria
5797184,Escape from Pretoria
5797184,Escape from Pretoria
5797184,Escape from Pretoria
5797184,Escape from Pretoria
5797184,Escape from Pretoria
5797184,Escape from Pretoria
5797184,Escape from Pretoria
5797184,Escape from Pretoria
8544498,The Way Back
8544498,The Way Back
8544498,The Way Back
8544498,The Way Back
8544498,The Way Back
8544498,The Way Back
8544498,The Way Back
8544498,The Way Back
8544498,The Way Back
8544498,The Way Back
8544498,The Way Back
8544498,The Way Back
8544498,The Way Back
8544498,The Way Back
8544498,The Way Back
8544498,The Way Back
8544498,The Way Back
8544498,The Way Back
8544498,The Way Back
8544498,The Way Back
8544498,The Way Back
8544498,The Way Back
8544498,The Way Back
8544498,The Way Back
8544498,The Way Back
1825683,Black Panther
1825683,Black Panther
1825683,Black Panther
1825683,Black Panther
1825683,Black Panther
1825683,Black Panther
1825683,Black Panther
1825683,Black Panther
1825683,Black Panther
1825683,Black Panther
1825683,Black Panther
1825683,Black Panther
1825683,Black Panther
1825683,Black Panther
1825683,Black Panther
1825683,Black Panther
1825683,Black Panther
1825683,Black Panther
1825683,Black Panther
1825683,Black Panther
1825683,Black Panther
1825683,Black Panther
1825683,Black Panther
1825683,Black Panther
1825683,Black Panther
1856101,Blade Runner 2049
1856101,Blade Runner 2049
1856101,Blade Runner 2049
1856101,Blade Runner 2049
1856101,Blade Runner 2049
1856101,Blade Runner 2049
1856101,Blade Runner 2049
1856101,Blade Runner 2049
1856101,Blade Runner 2049
1856101,Blade Runner 2049
1856101,Blade Runner 2049
1856101,Blade Runner 2049
1856101,Blade Runner 2049
1856101,Blade Runner 2049
1856101,Blade Runner 2049
1856101,Blade Runner 2049
1856101,Blade Runner 2049
1856101,Blade Runner 2049
1856101,Blade Runner 2049
1856101,Blade Runner 2049
1856101,Blade Runner 2049
1856101,Blade Runner 2049
1856101,Blade Runner 2049
1856101,Blade Runner 2049
1856101,Blade Runner 2049
468569,The Dark Knight
468569,The Dark Knight
468569,The Dark Knight
468569,The Dark Knight
468569,The Dark Knight
468569,The Dark Knight
468569,The Dark Knight
468569,The Dark Knight
468569,The Dark Knight
468569,The Dark Knight
468569,The Dark Knight
468569,The Dark Knight
468569,The Dark Knight
468569,The Dark Knight
468569,The Dark Knight
468569,The Dark Knight
468569,The Dark Knight
468569,The Dark Knight
468569,The Dark Knight
468569,The Dark Knight
468569,The Dark Knight
468569,The Dark Knight
468569,The Dark Knight
468569,The Dark Knight
468569,The Dark Knight
1560220,Zombieland: Double Tap
1560220,Zombieland: Double Tap
1560220,Zombieland: Double Tap
1560220,Zombieland: Double Tap
1560220,Zombieland: Double Tap
1560220,Zombieland: Double Tap
1560220,Zombieland: Double Tap
1560220,Zombieland: Double Tap
1560220,Zombieland: Double Tap
1560220,Zombieland: Double Tap
1560220,Zombieland: Double Tap
1560220,Zombieland: Double Tap
1560220,Zombieland: Double Tap
1560220,Zombieland: Double Tap
1560220,Zombieland: Double Tap
1560220,Zombieland: Double Tap
1560220,Zombieland: Double Tap
1560220,Zombieland: Double Tap
1560220,Zombieland: Double Tap
1560220,Zombieland: Double Tap
1560220,Zombieland: Double Tap
1560220,Zombieland: Double Tap
1560220,Zombieland: Double Tap
1560220,Zombieland: Double Tap
1560220,Zombieland: Double Tap
3907584,All the Bright Places
3907584,All the Bright Places
3907584,All the Bright Places
3907584,All the Bright Places
3907584,All the Bright Places
3907584,All the Bright Places
3907584,All the Bright Places
3907584,All the Bright Places
3907584,All the Bright Places
3907584,All the Bright Places
3907584,All the Bright Places
3907584,All the Bright Places
3907584,All the Bright Places
3907584,All the Bright Places
3907584,All the Bright Places
3907584,All the Bright Places
3907584,All the Bright Places
3907584,All the Bright Places
3907584,All the Bright Places
3907584,All the Bright Places
3907584,All the Bright Places
3907584,All the Bright Places
3907584,All the Bright Places
3907584,All the Bright Places
3907584,All the Bright Places
241527,Harry Potter and the Sorcerer's Stone
241527,Harry Potter and the Sorcerer's Stone
241527,Harry Potter and the Sorcerer's Stone
241527,Harry Potter and the Sorcerer's Stone
241527,Harry Potter and the Sorcerer's Stone
241527,Harry Potter and the Sorcerer's Stone
241527,Harry Potter and the Sorcerer's Stone
241527,Harry Potter and the Sorcerer's Stone
241527,Harry Potter and the Sorcerer's Stone
241527,Harry Potter and the Sorcerer's Stone
241527,Harry Potter and the Sorcerer's Stone
241527,Harry Potter and the Sorcerer's Stone
241527,Harry Potter and the Sorcerer's Stone
241527,Harry Potter and the Sorcerer's Stone
241527,Harry Potter and the Sorcerer's Stone
241527,Harry Potter and the Sorcerer's Stone
241527,Harry Potter and the Sorcerer's Stone
241527,Harry Potter and the Sorcerer's Stone
241527,Harry Potter and the Sorcerer's Stone
241527,Harry Potter and the Sorcerer's Stone
241527,Harry Potter and the Sorcerer's Stone
241527,Harry Potter and the Sorcerer's Stone
241527,Harry Potter and the Sorcerer's Stone
241527,Harry Potter and the Sorcerer's Stone
241527,Harry Potter and the Sorcerer's Stone
1375666,Inception
1375666,Inception
1375666,Inception
1375666,Inception
1375666,Inception
1375666,Inception
1375666,Inception
1375666,Inception
1375666,Inception
1375666,Inception
1375666,Inception
1375666,Inception
1375666,Inception
1375666,Inception
1375666,Inception
1375666,Inception
1375666,Inception
1375666,Inception
1375666,Inception
1375666,Inception
1375666,Inception
1375666,Inception
1375666,Inception
1375666,Inception
1375666,Inception
7456310,Anna
7456310,Anna
7456310,Anna
7456310,Anna
7456310,Anna
7456310,Anna
7456310,Anna
7456310,Anna
7456310,Anna
7456310,Anna
7456310,Anna
7456310,Anna
7456310,Anna
7456310,Anna
7456310,Anna
7456310,Anna
7456310,Anna
7456310,Anna
7456310,Anna
7456310,Anna
7456310,Anna
7456310,Anna
7456310,Anna
7456310,Anna
7456310,Anna
437086,Alita: Battle Angel
437086,Alita: Battle Angel
437086,Alita: Battle Angel
437086,Alita: Battle Angel
437086,Alita: Battle Angel
437086,Alita: Battle Angel
437086,Alita: Battle Angel
437086,Alita: Battle Angel
437086,Alita: Battle Angel
437086,Alita: Battle Angel
437086,Alita: Battle Angel
437086,Alita: Battle Angel
437086,Alita: Battle Angel
437086,Alita: Battle Angel
437086,Alita: Battle Angel
437086,Alita: Battle Angel
437086,Alita: Battle Angel
437086,Alita: Battle Angel
437086,Alita: Battle Angel
437086,Alita: Battle Angel
437086,Alita: Battle Angel
437086,Alita: Battle Angel
437086,Alita: Battle Angel
437086,Alita: Battle Angel
437086,Alita: Battle Angel
2015381,Guardians of the Galaxy
2015381,Guardians of the Galaxy
2015381,Guardians of the Galaxy
2015381,Guardians of the Galaxy
2015381,Guardians of the Galaxy
2015381,Guardians of the Galaxy
2015381,Guardians of the Galaxy
2015381,Guardians of the Galaxy
2015381,Guardians of the Galaxy
2015381,Guardians of the Galaxy
2015381,Guardians of the Galaxy
2015381,Guardians of the Galaxy
2015381,Guardians of the Galaxy
2015381,Guardians of the Galaxy
2015381,Guardians of the Galaxy
2015381,Guardians of the Galaxy
2015381,Guardians of the Galaxy
2015381,Guardians of the Galaxy
2015381,Guardians of the Galaxy
2015381,Guardians of the Galaxy
2015381,Guardians of the Galaxy
2015381,Guardians of the Galaxy
2015381,Guardians of the Galaxy
2015381,Guardians of the Galaxy
2015381,Guardians of the Galaxy
6587640,Trolls World Tour
6587640,Trolls World Tour
6587640,Trolls World Tour
6587640,Trolls World Tour
6587640,Trolls World Tour
6587640,Trolls World Tour
6587640,Trolls World Tour
7456312,The Last Thing He Wanted
7456312,The Last Thing He Wanted
7456312,The Last Thing He Wanted
7456312,The Last Thing He Wanted
7456312,The Last Thing He Wanted
7456312,The Last Thing He Wanted
7456312,The Last Thing He Wanted
7456312,The Last Thing He Wanted
7456312,The Last Thing He Wanted
7456312,The Last Thing He Wanted
7456312,The Last Thing He Wanted
7456312,The Last Thing He Wanted
7456312,The Last Thing He Wanted
7456312,The Last Thing He Wanted
7456312,The Last Thing He Wanted
7456312,The Last Thing He Wanted
7456312,The Last Thing He Wanted
7456312,The Last Thing He Wanted
7456312,The Last Thing He Wanted
7456312,The Last Thing He Wanted
7456312,The Last Thing He Wanted
7456312,The Last Thing He Wanted
7456312,The Last Thing He Wanted
7456312,The Last Thing He Wanted
7456312,The Last Thing He Wanted
8372298,Swallow
8372298,Swallow
8372298,Swallow
8372298,Swallow
8372298,Swallow
8372298,Swallow
8372298,Swallow
8372298,Swallow
8372298,Swallow
8372298,Swallow
8372298,Swallow
8372298,Swallow
8372298,Swallow
8372298,Swallow
8372298,Swallow
8372298,Swallow
8372298,Swallow
8372298,Swallow
8372298,Swallow
8372298,Swallow
8372298,Swallow
8372298,Swallow
8372298,Swallow
8372298,Swallow
8372298,Swallow
102057,Hook
102057,Hook
102057,Hook
102057,Hook
102057,Hook
102057,Hook
102057,Hook
102057,Hook
102057,Hook
102057,Hook
102057,Hook
102057,Hook
102057,Hook
102057,Hook
102057,Hook
102057,Hook
102057,Hook
102057,Hook
102057,Hook
102057,Hook
102057,Hook
102057,Hook
102057,Hook
102057,Hook
102057,Hook
7653254,Marriage Story
7653254,Marriage Story
7653254,Marriage Story
7653254,Marriage Story
7653254,Marriage Story
7653254,Marriage Story
7653254,Marriage Story
7653254,Marriage Story
7653254,Marriage Story
7653254,Marriage Story
7653254,Marriage Story
7653254,Marriage Story
7653254,Marriage Story
7653254,Marriage Story
7653254,Marriage Story
7653254,Marriage Story
7653254,Marriage Story
7653254,Marriage Story
7653254,Marriage Story
7653254,Marriage Story
7653254,Marriage Story
7653254,Marriage Story
7653254,Marriage Story
7653254,Marriage Story
7653254,Marriage Story
1706620,Snowpiercer
1706620,Snowpiercer
1706620,Snowpiercer
1706620,Snowpiercer
1706620,Snowpiercer
1706620,Snowpiercer
1706620,Snowpiercer
1706620,Snowpiercer
1706620,Snowpiercer
1706620,Snowpiercer
1706620,Snowpiercer
1706620,Snowpiercer
1706620,Snowpiercer
1706620,Snowpiercer
1706620,Snowpiercer
1706620,Snowpiercer
1706620,Snowpiercer
1706620,Snowpiercer
1706620,Snowpiercer
1706620,Snowpiercer
1706620,Snowpiercer
1706620,Snowpiercer
1706620,Snowpiercer
1706620,Snowpiercer
1706620,Snowpiercer
6139732,Aladdin
6139732,Aladdin
6139732,Aladdin
6139732,Aladdin
6139732,Aladdin
6139732,Aladdin
6139732,Aladdin
6139732,Aladdin
6139732,Aladdin
6139732,Aladdin
6139732,Aladdin
6139732,Aladdin
6139732,Aladdin
6139732,Aladdin
6139732,Aladdin
6139732,Aladdin
6139732,Aladdin
6139732,Aladdin
6139732,Aladdin
6139732,Aladdin
6139732,Aladdin
6139732,Aladdin
6139732,Aladdin
6139732,Aladdin
6139732,Aladdin
6521876,Jay and Silent Bob Reboot
6521876,Jay and Silent Bob Reboot
6521876,Jay and Silent Bob Reboot
6521876,Jay and Silent Bob Reboot
6521876,Jay and Silent Bob Reboot
6521876,Jay and Silent Bob Reboot
6521876,Jay and Silent Bob Reboot
6521876,Jay and Silent Bob Reboot
6521876,Jay and Silent Bob Reboot
6521876,Jay and Silent Bob Reboot
6521876,Jay and Silent Bob Reboot
6521876,Jay and Silent Bob Reboot
6521876,Jay and Silent Bob Reboot
6521876,Jay and Silent Bob Reboot
6521876,Jay and Silent Bob Reboot
6521876,Jay and Silent Bob Reboot
6521876,Jay and Silent Bob Reboot
6521876,Jay and Silent Bob Reboot
6521876,Jay and Silent Bob Reboot
6521876,Jay and Silent Bob Reboot
6521876,Jay and Silent Bob Reboot
6521876,Jay and Silent Bob Reboot
6521876,Jay and Silent Bob Reboot
6521876,Jay and Silent Bob Reboot
6521876,Jay and Silent Bob Reboot
2294629,Frozen
2294629,Frozen
2294629,Frozen
2294629,Frozen
2294629,Frozen
2294629,Frozen
2294629,Frozen
2294629,Frozen
2294629,Frozen
2294629,Frozen
2294629,Frozen
2294629,Frozen
2294629,Frozen
2294629,Frozen
2294629,Frozen
2294629,Frozen
2294629,Frozen
2294629,Frozen
2294629,Frozen
2294629,Frozen
2294629,Frozen
2294629,Frozen
2294629,Frozen
2294629,Frozen
2294629,Frozen
5503686,Hustlers
5503686,Hustlers
5503686,Hustlers
5503686,Hustlers
5503686,Hustlers
5503686,Hustlers
5503686,Hustlers
5503686,Hustlers
5503686,Hustlers
5503686,Hustlers
5503686,Hustlers
5503686,Hustlers
5503686,Hustlers
5503686,Hustlers
5503686,Hustlers
5503686,Hustlers
5503686,Hustlers
5503686,Hustlers
5503686,Hustlers
5503686,Hustlers
5503686,Hustlers
5503686,Hustlers
5503686,Hustlers
5503686,Hustlers
5503686,Hustlers
8116640,Go!
8116640,Go!
8116640,Go!
8116640,Go!
8116640,Go!
8116640,Go!
8116640,Go!
8116640,Go!
8116640,Go!
8116640,Go!
8116640,Go!
8116640,Go!
8116640,Go!
8116640,Go!
99685,Goodfellas
99685,Goodfellas
99685,Goodfellas
99685,Goodfellas
99685,Goodfellas
99685,Goodfellas
99685,Goodfellas
99685,Goodfellas
99685,Goodfellas
99685,Goodfellas
99685,Goodfellas
99685,Goodfellas
99685,Goodfellas
99685,Goodfellas
99685,Goodfellas
99685,Goodfellas
99685,Goodfellas
99685,Goodfellas
99685,Goodfellas
99685,Goodfellas
99685,Goodfellas
99685,Goodfellas
99685,Goodfellas
99685,Goodfellas
99685,Goodfellas
816692,Interstellar
816692,Interstellar
816692,Interstellar
816692,Interstellar
816692,Interstellar
816692,Interstellar
816692,Interstellar
816692,Interstellar
816692,Interstellar
816692,Interstellar
816692,Interstellar
816692,Interstellar
816692,Interstellar
816692,Interstellar
816692,Interstellar
816692,Interstellar
816692,Interstellar
816692,Interstellar
816692,Interstellar
816692,Interstellar
816692,Interstellar
816692,Interstellar
816692,Interstellar
816692,Interstellar
816692,Interstellar
81505,The Shining
81505,The Shining
81505,The Shining
81505,The Shining
81505,The Shining
81505,The Shining
81505,The Shining
81505,The Shining
81505,The Shining
81505,The Shining
81505,The Shining
81505,The Shining
81505,The Shining
81505,The Shining
81505,The Shining
81505,The Shining
81505,The Shining
81505,The Shining
81505,The Shining
81505,The Shining
81505,The Shining
81505,The Shining
81505,The Shining
81505,The Shining
81505,The Shining
1502397,Bad Boys for Life
1502397,Bad Boys for Life
1502397,Bad Boys for Life
1502397,Bad Boys for Life
1502397,Bad Boys for Life
1502397,Bad Boys for Life
1502397,Bad Boys for Life
1502397,Bad Boys for Life
1502397,Bad Boys for Life
1502397,Bad Boys for Life
1502397,Bad Boys for Life
1502397,Bad Boys for Life
1502397,Bad Boys for Life
1502397,Bad Boys for Life
1502397,Bad Boys for Life
1502397,Bad Boys for Life
1502397,Bad Boys for Life
1502397,Bad Boys for Life
1502397,Bad Boys for Life
1502397,Bad Boys for Life
1502397,Bad Boys for Life
1502397,Bad Boys for Life
1502397,Bad Boys for Life
1502397,Bad Boys for Life
1502397,Bad Boys for Life
6146586,John Wick: Chapter 3 - Parabellum
6146586,John Wick: Chapter 3 - Parabellum
6146586,John Wick: Chapter 3 - Parabellum
6146586,John Wick: Chapter 3 - Parabellum
6146586,John Wick: Chapter 3 - Parabellum
6146586,John Wick: Chapter 3 - Parabellum
6146586,John Wick: Chapter 3 - Parabellum
6146586,John Wick: Chapter 3 - Parabellum
6146586,John Wick: Chapter 3 - Parabellum
6146586,John Wick: Chapter 3 - Parabellum
6146586,John Wick: Chapter 3 - Parabellum
6146586,John Wick: Chapter 3 - Parabellum
6146586,John Wick: Chapter 3 - Parabellum
6146586,John Wick: Chapter 3 - Parabellum
6146586,John Wick: Chapter 3 - Parabellum
6146586,John Wick: Chapter 3 - Parabellum
6146586,John Wick: Chapter 3 - Parabellum
6146586,John Wick: Chapter 3 - Parabellum
6146586,John Wick: Chapter 3 - Parabellum
6146586,John Wick: Chapter 3 - Parabellum
6146586,John Wick: Chapter 3 - Parabellum
6146586,John Wick: Chapter 3 - Parabellum
6146586,John Wick: Chapter 3 - Parabellum
6146586,John Wick: Chapter 3 - Parabellum
6146586,John Wick: Chapter 3 - Parabellum
480249,I Am Legend
480249,I Am Legend
480249,I Am Legend
480249,I Am Legend
480249,I Am Legend
480249,I Am Legend
480249,I Am Legend
480249,I Am Legend
480249,I Am Legend
480249,I Am Legend
480249,I Am Legend
480249,I Am Legend
480249,I Am Legend
480249,I Am Legend
480249,I Am Legend
480249,I Am Legend
480249,I Am Legend
480249,I Am Legend
480249,I Am Legend
480249,I Am Legend
480249,I Am Legend
480249,I Am Legend
480249,I Am Legend
480249,I Am Legend
114746,Twelve Monkeys
114746,Twelve Monkeys
114746,Twelve Monkeys
114746,Twelve Monkeys
114746,Twelve Monkeys
114746,Twelve Monkeys
114746,Twelve Monkeys
114746,Twelve Monkeys
114746,Twelve Monkeys
114746,Twelve Monkeys
114746,Twelve Monkeys
114746,Twelve Monkeys
114746,Twelve Monkeys
114746,Twelve Monkeys
114746,Twelve Monkeys
114746,Twelve Monkeys
114746,Twelve Monkeys
114746,Twelve Monkeys
114746,Twelve Monkeys
114746,Twelve Monkeys
114746,Twelve Monkeys
114746,Twelve Monkeys
114746,Twelve Monkeys
114746,Twelve Monkeys
114746,Twelve Monkeys